,0,1,2,3,4,5,6,7,8,9,10,11,12,13,14,15,16,17,18,19,20,21,22,23,24,25,26,29,31,32,35,36,37,39,41,43,44,52,55,68,90,106,142
0,0,,,,,,,,,,,,,,,,,,,,,,,,,,,,,,,,,,,,,,,,,,
5,0,,,,,,,,,,,,,,,,,,,,,,,,,,,,,,,,,,,,,,,,,,
9,0,,,,,,,,,,,,,,,,,,,,,,,,,,,,,,,,,,,,,,,,,,
11,0,,,,,,,,,,,,,,,,,,,,,,,,,,,,,,,,,,,,,,,,,,
13,0,,,,,,,,,,,,,,,,,,,,,,,,,,,,,,,,,,,,,,,,,,
19,0,,,,,,,,,,,,,,,,,,,,,,,,,,,,,,,,,,,,,,,,,,
21,0,,,,,,,,,,,,,,,,,,,,,,,,,,,,,,,,,,,,,,,,,,
23,0,,,,,,,,,,,,,,,,,,,,,,,,,,,,,,,,,,,,,,,,,,
25,0,,,,,,,,,,,,,,,,,,,,,,,,,,,,,,,,,,,,,,,,,,
26,0,,,,,,,,,,,,,,,,,,,,,,,,,,,,,,,,,,,,,,,,,,
30,0,,,,,,,,,,,,,,,,,,,,,,,,,,,,,,,,,,,,,,,,,,
33,0,,,,,,,,,,,,,,,,,,,,,,,,,,,,,,,,,,,,,,,,,,
34,0,,,,,,,,,,,,,,,,,,,,,,,,,,,,,,,,,,,,,,,,,,
38,0,,,,,,,,,,,,,,,,,,,,,,,,,,,,,,,,,,,,,,,,,,
40,0,,,,,,,,,,,,,,,,,,,,,,,,,,,,,,,,,,,,,,,,,,
42,0,,,,,,,,,,,,,,,,,,,,,,,,,,,,,,,,,,,,,,,,,,
45,0,,,,,,,,,,,,,,,,,,,,,,,,,,,,,,,,,,,,,,,,,,
46,0,,,,,,,,,,,,,,,,,,,,,,,,,,,,,,,,,,,,,,,,,,
47,0,,,,,,,,,,,,,,,,,,,,,,,,,,,,,,,,,,,,,,,,,,
48,0,,,,,,,,,,,,,,,,,,,,,,,,,,,,,,,,,,,,,,,,,,
50,0,,,,,,,,,,,,,,,,,,,,,,,,,,,,,,,,,,,,,,,,,,
53,0,,,,,,,,,,,,,,,,,,,,,,,,,,,,,,,,,,,,,,,,,,
54,0,,,,,,,,,,,,,,,,,,,,,,,,,,,,,,,,,,,,,,,,,,
55,0,,,,,,,,,,,,,,,,,,,,,,,,,,,,,,,,,,,,,,,,,,
57,,0.0175,,,,,,,,,,,,,,,,,,,,,,,,,,,,,,,,,,,,,,,,,
58,0,,,,,,,,,,,,,,,,,,,,,,,,,,,,,,,,,,,,,,,,,,
60,0,,,,,,,,,,,,,,,,,,,,,,,,,,,,,,,,,,,,,,,,,,
61,0,,,,,,,,,,,,,,,,,,,,,,,,,,,,,,,,,,,,,,,,,,
62,0,,,,,,,,,,,,,,,,,,,,,,,,,,,,,,,,,,,,,,,,,,
65,0,0.0154,,,,,,,,,,,,,,,,,,,,,,,,,,,,,,,,,,,,,,,,,
66,,,0.0303,,,,,,,,,,,,,,,,,,,,,,,,,,,,,,,,,,,,,,,,
67,0,,,,,,,,,,,,,,,,,,,,,,,,,,,,,,,,,,,,,,,,,,
68,,0.0147,,,,,,,,,,,,,,,,,,,,,,,,,,,,,,,,,,,,,,,,,
70,0,,,,,,,,,,,,,,,,,,,,,,,,,,,,,,,,,,,,,,,,,,
71,0,,0.0282,,,,,,,,,,,,,,,,,,,,,,,,,,,,,,,,,,,,,,,,
73,0,,,,,,,,,,,,,,,,,,,,,,,,,,,,,,,,,,,,,,,,,,
74,0,,,,,,,,,,,,,,,,,,,,,,,,,,,,,,,,,,,,,,,,,,
75,0,0.0133,,,,,,,,,,,,,,,,,,,,,,,,,,,,,,,,,,,,,,,,,
78,,0.0128,,,,,,,,,,,,,,,,,,,,,,,,,,,,,,,,,,,,,,,,,
79,,,,0.038,,,,,,,,,,,,,,,,,,,,,,,,,,,,,,,,,,,,,,,
80,0,,,,,,,,,,,,,,,,,,,,,,,,,,,,,,,,,,,,,,,,,,
82,0,0.0122,,,,,,,,,,,,,,,,,,,,,,,,,,,,,,,,,,,,,,,,,
84,0,,,,,,,,,,,,,,,,,,,,,,,,,,,,,,,,,,,,,,,,,,
85,0,,,,,,,,,,,,,,,,,,,,,,,,,,,,,,,,,,,,,,,,,,
86,0,0.0116,,,,,,,,,,,,,,,,,,,,,,,,,,,,,,,,,,,,,,,,,
87,0,,,,,,,,,,,,,,,,,,,,,,,,,,,,,,,,,,,,,,,,,,
88,,0.0114,,,,,,,,,,,,,,,,,,,,,,,,,,,,,,,,,,,,,,,,,
89,,0.0112,,,,,,,,,,,,,,,,,,,,,,,,,,,,,,,,,,,,,,,,,
90,0,0.0111,0.0222,,,,,,,,,,,,,,,,,,,,,,,,,,,,,,,,,,,,,0.7556,,,
91,0,0.011,,,,,,,,,,,,,,,,,,,,,,,,,,,,,,,,,,,,,,,,,
92,0,,0.0217,,,,,,,,,,,,,,,,,,,,,,,,,,,,,,,,,,,,,,,,
94,,0.0106,,,,,,,,,,,,,,,,,,,,,,,,,,,,,,,,,,,,,,,,,
95,0,,,,,,,,,,,,,,,,,,,,,,,,,,,,,,,,,,,,,,,,,,
97,0,,,,,,,,,,,,,,,,,,,,,,,,,,,,,,,,,,,,,,,,,,
98,0,,,,,,,,,,,,,,,,,,,,,,,,,,,,,,,,,,,,,,,,,,
100,0,0.01,,,,,,,,,,,,,,,,,,,,,,,,,,,,,,,,,,,,,,,,,
101,0,,,,0.0396,,,,,,,,,,,,,,,,,,,,,,,,,,,,,,,,,,,,,,
102,,0.0098,,,,,,,,,,,,,,,,,,,,,,,,,,,,,,,,,,,,,,,,,
103,0,0.0097,,,,,,,,,,,,,,,,,,,,,,,,,,,,,,,,,,,,,,,,,
104,0,0.0096,,,,,,,,,,,,,,,,,,,,,,,,,,,,,,,,,,,,,,,,,
105,0,,,,,,,,,,,,,,,,,,,,,,,,,,,,,,,,,,,,,,,,,,
106,,0.0094,,,,,,,,,,,,,,,,,,,,,,,,,,,,,,,,,,,,,,,,,
108,0,,,,,,,,,,,,,,,,,,,,,,,,,,,,,,,,,,,,,,,,,,
109,0,,,,,,,,,,,,,,,,,,,,,,,,,,,,,,,,,,,,,,,,,,
110,0,,,,,,,,,,,,,,,,,,,,,,,,,,,,,,,,,,,,,,,,,,
111,0,,,,,,,,,,,,,,,,,,,,,,,,,,,,,,,,,,,,,,,,,,
112,0,0.0089,,,,,,,,,,,,,,,,,,,,,,,,,,,,,,,,,,,,,,,,,
114,0,,,,,,,,,,,,,,,,,,,,,,,,,,,,,,,,,,,,,,,,,,
115,0,,0.0174,,,,,,,,,,,,,,,,,,,,,,,,,,,,,,,,,,,,,,,,
116,,0.0086,,0.0259,,,,,,,,,,,,,,,,,,,,,,,,,,,,,,,,,,,,,,,
117,0,,,,,,,,,,,,,,,,,,,,,,,,,,,,,,,,,,,,,,,,,,
118,0,0.0085,,,,,,,,,,,,,,,,,,,,,,,,,,,,,,,,,,,,,,,,,
119,0,0.0084,,,,,,,,,,,,,,,,,,,,,,,,,,,,,,,,,,,,,,,,,
120,0,,,,,,,,,,,,,,,,,,,,,,,,,,,,,,,,,,,,,,,,,,
122,0,0.0082,,,,,,,,,,,,,,,,,,,,,,,,,,,,,,,,,,,,,,,,,
124,0,,,,,,,,,,,,,,,,,,,,,,,,,,,,,,,,,,,,,,,,,,
126,0,,,,,,,,,,,,,,,,,,,,,,,,,,,,,,,,,,,,,,,,,,
128,0,0.0078,,,,,,,,,,,,,,,,,,,,,,,,,,,,,,,,,,,,,,,,,
129,0,0.0078,,,,,,,,,,,,,,,,,,,,,,,,,,,,,,,,,,,,,,,,,
130,,0.0077,,,,,,,,,,,,,,,,,,,,,,,,,,,,,,,,,,,,,,,,,
131,0,0.0076,,,,,,,,,,,,,,,,,,,,,,,,,,,,,,,,,,,,,,,,,
132,0,,,,,,,,,,,,,,,,,,,,,,,,,,,,,,,,,,,,,,,,,,
133,0,,,,,,,,,,,,,,,,,,,,,,,,,,,,,,,,,,,,,,,,,,
134,,,0.0149,,,,,,,,,,,,,,,,,,,,,,,,,,,,,,,,,,,,,,,,
135,,,0.0148,,,,,,,,,,,,,,,,,,,,,,,,,,,,,,,,,,,,,,,,
136,0,,,,,,,,,,,,,,,,,,,,,,,,,,,,,,,,,,,,,,,,,,
138,0,,,,,,,,,,,,,,,,,,,,,,,,,,,,,,,,,,,,,,,,,,
139,,0.0072,,,,,,,,,,,,,,,,,,,,,,,,,,,,,,,,,,,,,,,,,
140,0,,,,,,,,,,,,,,,,,,,,,,,,,,,,,,,,,,,,,,,,,,
141,,0.0071,,,,,,,,,,,,,,,,,,,,,,,,,,,,,,,,,,,,,,,,,
142,,0.007,,,,,,,,,,,,,,,,,,,,,,,,,,,,,,,,,,,,,,,,,
143,0,0.007,,,,,,,,,,,,,,,,,,,,,,,,,,,,,,,,,,,,,,,,,
144,,0.0069,,,,,,,,,,,,,,,,,,,,,,,,,,,,,,,,,,,,,,,,,
145,0,,,,,,,,,,,,,,,,,,,,,,,,,,,,,,,,,,,,,,,,,,
146,0,,,0.0205,,,,,,,,,,,,,,,,,,,,,,,,,,,,,,,,,,,,,,,
147,,0.0068,,,,,,,,,,,,,,,,,,,,,,,,,,,,,,,,,,,,,,,,,
148,0,0.0068,,,,,,,,,,,,,,,,,,,,,,,,,,,,,,,,,,,,,,,,,
149,0,0.0067,,,,,,,,,,,,,,,,,,,,,,,,,,,,,,,,,,,,,,,,,
150,0,,0.0133,,,,,,,,,,,,,,,,,,,,,,,,,,,,,,,,,,,,,,,,
151,,0.0066,0.0132,,,,,,,,,,,,,,,,,,,,,,,,,,,,,,,,,,,,,,,,
152,0,0.0066,,,,,,,,,,,,,,,,,,,,,,,,,,,,,,,,,,,,,,,,,
154,,,,,,0.0325,,,,,,,,,,,,,,,,,,,,,,,,,,,,,,,,,,,,,
155,,0.0065,,,,,,,,,,,,,,,,,,,,,,,,,,,,,,,,,,,,,,,,,
157,0,,,,,,,,,,,,,,,,,,,,,,,,,,,,,,,,,,,,,,,,,,
158,0,,,,,,,,,,,,,,,,,,,,,,,,,,,,,,,,,,,,,,,,,,
159,,0.0063,,,,,,,,,,,,,,,,,,,,,,,,,,,,,,,,,,,,,,,,,
160,0,,,,,,,,,,,,,,,,,,,,,,,,,,,,,,,,,,,,,,,,,,
161,0,0.0062,,,,,,,,,,,,,,,,,,,,,,,,,,,,,,,,,,,,,,,,,
163,,0.0061,,,,,,,,,,,,,,,,,,,,,,,,,,,,,,,,,,,,,,,,,
165,0,0.0061,,,,,,,,,,,,,,,,,,,,,,,,,,,,,,,,,,,,,,,,,
166,,0.006,0.012,,,,,,,,,,,,,,,,,,,,,,,,,,,,,,,,,,,,,,,,
167,0,,,0.018,,,,,,,,,,,,,,,,,,,,,,,,,,,,,,,,,,,,,,,
168,,0.006,,,,,,,,,,,,,,,,,,,,,,,,,,,,,,,,,,,,,,,,,
170,,0.0059,,,,,,,,,,,,,,,,,,,,,,,,,,,,,,,,,,,,,,,,,
171,0,0.0058,,,,,,,,,,,,,,,,,,,,,,,,,,,,,,,,,,,,,,,,,
172,0,,,,,,,,,,,,,,,,,,,,,,,,,,,,,,,,,,,,,,,,,,
173,,0.0058,,,,,,,,,,,,,,,,,,,,,,,,,,,,,,,,,,,,,,,,,
175,,0.0057,0.0114,,,,,,,,,,,,,,,,,,,,,,,,,,,,,,,,,,,,,,,,
176,0,,,,,,,,,,,,,,,,,,,,,,,,,,,,,,,,,,,,,,,,,,
177,,0.0056,0.0113,,,,,,,,,,,,,,,,,,,,,,,,,,,,,,,,,,,,,,,,
179,,0.0056,,,,,,,,,,,,,,,,,,,,,,,,,,,,,,,,,,,,,,,,,
180,,0.0056,,0.0167,,,,,,,,,,,,,,,,,,,,,,,,,,,,,,,,,,,,,,,
184,,0.0054,,,,,,,,,,,,,,,,,,,,,,,,,,,,,,,,,,,,,,,,,
185,0,,,,,,,,,,,,,,,,,,,,,,,,,,,,,,,,,,,,,,,,,,
186,0,,,,,,,,,,,,,,,,,,,,,,,,,,,,,,,,,,,,,,,,,,
187,,,0.0107,,,,,,,,,,,,,,,,,,,,,,,,,,,,,,,,,,,,,,,,
188,0,,,,,,,,,,,,,,,,,,,,,,,,,,,,,,,,,,,,,,,,,,
189,,0.0053,,,,,,,,,,,,,,,,,,,,,,,,,,,,,,,,,,,,,,,,,
192,,,0.0104,,,,,,,,,,,,,,,,,,,,,,,,,,,,,,,,,,,,,,,,
194,0,0.0052,,,,,,,,,,,,,,,,,,,,,,,,,,,,,,,,,,,,,,,,,
195,,0.0051,,,,,,,,,,,,,,,,,,,,,,,,,,,,,,,,,,,,,,,,,
197,,,,,,0.0254,,,,,,,,,,,,,,,,,,,,,,,,,,,,,,,,,,,,,
198,,0.0051,,,,,,,,,,,,,,,,,,,,,,,,,,,,,,,,,,,,,,,,,
199,0,,0.0101,,,,,,,,,,,,,,,,,,,,,,,,,,,,,,,,,,,,,,,,
200,0,0.005,,,0.02,,,,,,,,,,,,,,,,,,,,,,,,,,,,,,,,,,,,,,
201,0,0.005,,,,,,,,,,,,,,,,,,,,,,,,,,,,,,,,,,,,,,,,,
202,,0.005,,,,,,,,,,,,,,,,,,,,,,,,,,,,,,,,,,,,,,,,,
203,,,0.0099,,,,,,,,,,,,,,,,,,,,,,,,,,,,,,,,,,,,,,,,
205,0,,,0.0146,,,,,,,,,,,,,,,,,,,,,,,,,,,,,,,,,,,,,,,
206,0,0.0049,,,,,,,,,,,,,,,,,,,,,,,,,,,,,,,,,,,,,,,,,
207,0,,,,,,,,,,,,,,,,,,,,,,,,,,,,,,,,,,,,,,,,,,
208,0,,,,,,,,,,,,,,,,,,,,,,,,,,,,,,,,,,,,,,,,,,
209,0,,0.0096,,,,,,,,,,,,,,,,,,,,,,,,,,,,,,,,,,,,,,,,
211,,0.0047,,,,,,,,,,,,,,,,,,,,,,,,,,,,,,,,,,,,,,,,,
212,0,,,,0.0189,,,,,,,,,,,,,,,,,,,,,,,,,,,,,,,,,,,,,,
213,0,0.0047,0.0094,,,,,,,,,,,,,,,,,,,,,,,,,,,,,,,,,,,,,,,,
214,,0.0047,0.0093,,,,,,,,,,,,,,,,,,,,,,,,,,,,,,,,,,,,,,,,
215,,,0.0093,,,,,,,,,,,,,,,,,,,,,,,,,,,,,,,,,,,,,,,,
218,0,0.0046,,,,,,,,,,,,,,,,,,,,,,,,,,,,,,,,,,,,,,,,,
221,,0.0045,0.009,,,,,,,,,,,,,,,,,,,,,,,,,,,,,,,,,,,,,,,,
223,0,,,,,,,,,,,,,,,,,,,,,,,,,,,,,,,,,,,,,,,,,,
224,0,,,,,,,,,,,,,,,,,,,,,,,,,,,,,,,,,,,,,,,,,,
225,,0.0044,,,,,,,,,,,,,,,,,,,,,,,,,,,,,,,,,,,,,,,,,
227,,0.0044,,,,,,,,,,,,,,,,,,,,,,,,,,,,,,,,,,,,,,,,,
228,,,0.0088,,,,,,,,,,,,,,,,,,,,,,,,,,,,,,,,,,,,,,,,
229,0,,,,,,,,,,,,,,,,,,,,,,,,,,,,,,,,,,,,,,,,,,
230,0,0.0043,,,,,,,,,,,,,,,,,,,,,,,,,,,,,,,,,,,,,,,,,
232,,,,,0.0172,,,,,,,,,,,,,,,,,,,,,,,,,,,,,,,,,,,,,,
233,,,0.0086,,,,,,,,,,,,,,,,,,,,,,,,,,,,,,,,,,,,,,,,
234,,0.0043,,,,,,,,,,,,,,,,,,,,,,,,,,,,,,,,,,,,,,,,,
235,0,,,,,,,,,,,,,,,,,,,,,,,,,,,,,,,,,,,,,,,,,,
236,0,,0.0085,,,,,,,,,,,,,,,,,,,,,,,,,,,,,,,,,,,,,,,,
237,0,,,,,,,,,,,,,,,,,,,,,,,,,,,,,,,,,,,,,,,,,,
238,,,0.0084,,,,,,,,,,,,,,,,,,,,,,,,,,,,,,,,,,,,,,,,
239,,,0.0084,,,,,,,,,,,,,,,,,,,,,,,,,,,,,,,,,,,,,,,,
240,,0.0042,,,,,,,,,,,,,,,,,,,,,,,,,,,,,,,,,,,,,,,,,
243,,,,0.0123,,,,,,,,,,,,,,,,,,,,,,,,,,,,,,,,,,,,,,,
244,0,,,,,,,,,,,,,,,,,,,,,,,,,,,,,,,,,,,,,,,,,,
245,,,0.0082,,,,,,,,,,,,,,,,,,,,,,,,,,,,,,,,,,,,,,,,
246,0,,,,,,,,,,,,,,,,,,,,,,,,,,,,,,,,,,,,,,,,,,
247,0,,,,,,,,,,,,,,,,,,,,,,,,,,,,,,,,,,,,,,,,,,
248,,,0.0081,,,,,,,,,,,,,,,,,,,,,,,,,,,,,,,,,,,,,,,,
249,,0.004,,,,,,,,,,,,,,,,,,,,,,,,,,,,,,,,,,,,,,,,,
250,,,0.008,0.012,,,,,,,,,,,,,,,,,,,,,,,,,,,,,,,,,,,,,,,
251,0,,0.008,,,,,,,,,,,,,,,,,,,,,,,,,,,,,,,,,,,,,,,,
253,0,,0.0079,,,,,,,,,,,,,,,,,,,,,,,,,,,,,,,,,,,,,,,,
254,,0.0039,0.0079,,,,,,,,,,,,,,,,,,,,,,,,,,,,,,,,,,,,,,,,
255,,,,,0.0157,,,,,,,,,,,,,,,,,,,,,,,,,,,,,,,,,,,,,,
256,0,,,,,,,,,,,,,,,,,,,,,,,,,,,,,,,,,,,,,,,,,,
260,,,,0.0115,,,,,,,,,,,,,,,,,,,,,,,,,,,,,,,,,,,,,,,
262,,0.0038,,,,,,,,,,,,,,,,,,,,,,,,,,,,,,,,,,,,,,,,,
263,,,0.0076,,,,,,,,,,,,,,,,,,,,,,,,,,,,,,,,,,,,,,,,
264,,,0.0076,,,,,,,,,,,,,,,,,,,,,,,,,,,,,,,,,,,,,,,,
265,,0.0038,,,,,,,,,,,,,,,,,,,,,,,,,,,,,,,,,,,,,,,,,
266,,0.0038,0.0075,,,,,,,,,,,,,,,,,,,,,,,,,,,,,,,,,,,,,,,,
267,,0.0037,,,,0.0187,,,,,,,,,,,,,,,,,,,,,,,,,,,,,,,,,,,,,
268,0,0.0037,,,,,,,,,,,,,,,,,,,,,,,,,,,,,,,,,,,,,,,,,
269,,,0.0074,,,,,,,,,,,,,,,,,,,,,,,,,,,,,,,,,,,,,,,,
270,,,,0.0111,,,,,,,,,,,,,,,,,,,,,,,,,,,,,,,,,,,,,,,
271,,,0.0074,,,,,,,,,,,,,,,,,,,,,,,,,,,,,,,,,,,,,,,,
272,0,,,,,,,,,,,,,,,,,,,,,,,,,,,,,,,,,,,,,,,,,,
273,,0.0037,,,,,0.022,,,,,,,,,,,,,,,,,,,,,,,,,,,,,,,,,,,,
274,,0.0036,,,,,,,,,,,,,,,,,,,,,,,,,,,,,,,,,,,,,,,,,
279,0,,0.0072,,,,,,,,,,,,,,,,,,,,,,,,,,,,,,,,,,,,,,,,
280,0,0.0036,,,,,,,,,,,,,,,,,,,,,,,,,,,,,,,,,,,,,,,,,
281,,,0.0071,,,,,,,,,,,,,,,,,,,,,,,,,,,,,,,,,,,,,,,,
284,,,,,,0.0176,,,,,,,,,,,,,,,,,,,,,,,,,,,,,,,,,,,,,
285,0,,,,,,,,,,,,,,,,,,,,,,,,,,,,,,,,,,,,,,,,,,
286,,0.0035,,,,,,,,,,,,,,,,,,,,,,,,,,,,,,,,,,,,,,,,,
289,,,,0.0104,0.0138,,,,,,,,,,,,,,,,,,,,,,,,,,,,,,,,,,,,,,
290,0,,,,,,,,,,,,,,,,,,,,,,,,,,,,,,,,,,,,,,,,,,
291,0,,,,0.0137,,,,,,,,,,,,,,,,,,,,,,,,,,,,,,,,,,,,,,
294,0,,,,,,,,,,,,,,,,,,,,,,,,,,,,,,,,,,,,,,,,,,
295,,0.0034,,,,,,,,,,,,,,,,,,,,,,,,,,,,,,,,,,,,,,,,,
298,,,,,,,0.0201,,,,,,,,,,,,,,,,,,,,,,,,,,,,,,,,,,,,
304,0,,,,,,,,,,,,,,,,,,,,,,,,,,,,,,,,,,,,,,,,,,
306,,0.0033,,,,,,,,,,,,,,,,,,,,,,,,,,,,,,,,,,,,,,,,,
307,0,,,,,,,,,,,,,,,,,,,,,,,,,,,,,,,,,,,,,,,,,,
309,,0.0032,0.0065,,,,,,,,,,,,,,,,,,,,,,,,,,,,,,,,,,,,,,,,
310,,0.0032,,0.0097,,,,,,,,,,,,,,,,,,,,,,,,,,,,,,,,,,,,,,,
312,0,,,,,0.016,,,,,,,,,,,,,,,,,,,,,,,,,,,,,,,,,,,,,
315,,,,0.0095,,,,,,,,,,,,,,,,,,,,,,,,,,,,,,,,,,,,,,,
316,,0.0032,,,,,,,,,,,,,,,,,,,,,,,,,,,,,,,,,,,,,,,,,
317,0,,,,,,,,,,,,,,,,,,,,,,,,,,,,,,,,,,,,,,,,,,
318,,0.0031,0.0063,,,,,,,,,,,,,,,,,,,,,,,,,,,,,,,,,,,,,,,,
321,,,0.0062,,,,,,,,,,,,,,,,,,,,,,,,,,,,,,,,,,,,,,,,
322,,0.0031,,,,,,,,,,,,,,,,,,,,,,,,,,,,,,,,,,,,,,,,,
323,,,,0.0093,,,,,,,,,,,,,,,,,,,,,,,,,,,,,,,,,,,,,,,
324,,,0.0062,,,,,,,,,,,,,,,,,,,,,,,,,,,,,,,,,,,,,,,,
327,,,,0.0092,,,,,,,,,,,,,,,,,,,,,,,,,,,,,,,,,,,,,,,
328,,0.003,,,,,,,,,,,,,,,,,,,,,,,,,,,,,,,,,,,,,,,,,
330,0,,,,,,,,,,,,,,,,,,,,,,,,,,,,,,,,,,,,,,,,,,
333,,,0.006,,,,,,,,,,,,,,,,,,,,,,,,,,,,,,,,,,,,,,,,
334,,,0.006,,,,,,,,,,,,,,,,,,,,,,,,,,,,,,,,,,,,,,,,
335,,,0.006,,,,,,,,,,,,,,,,,,,,,,,,,,,,,,,,,,,,,,,,
336,0,,,,,,,,,,,,,,,,,,,,,,,,,,,,,,,,,,,,,,,,,,
337,,0.003,0.0059,,,,,,,,,,,,,,,,,,,,,,,,,,,,,,,,,,,,,,,,
341,,,0.0059,,,,,,,,,,,,,,,,,,,,,,,,,,,,,,,,,,,,,,,,
343,,0.0029,,,,,,,,,,,,,,,,,,,,,,,,,,,,,,,,,,,,,,,,,
344,,,,0.0087,,0.0145,,,,,,,,,,,,,,,,,,,,,,,,,,,,,,,,,,,,,
347,,0.0029,,,,0.0144,,,,,,,,,,,,,,,,,,,,,,,,,,,,,,,,,,,,,
348,,,,,0.0115,,,,,,,,,,,,,,,,,,,,,,,,,,,,,,,,,,,,,,
349,0,,,,,,,0.0201,,,,,,,,,,,,,,,,,,,,,,,,,,,,,,,,,,,
351,,0.0028,,,,,,,,,,,,,,,,,,,,,,,,,,,,,,,,,,,,,,,,,
352,,,,,,,0.017,,,,,,,,,,,,,,,,,,,,,,,,,,,,,,,,,,,,
355,,,,,0.0113,,,,,,,,,,,,,,,,,,,,,,,,,,,,,,,,,,,,,,
356,,0.0028,0.0056,,,,,,,,,,,,,,,,,,,,,,,,,,,,,,,,,,,,,,,,
358,,,0.0056,,,,,,,,,,,,,,,,,,,,,,,,,,,,,,,,,,,,,,,,
359,,0.0028,,,,,,,,,,,,,,,,,,,,,,,,,,,,,,,,,,,,,,,,,
360,,0.0028,0.0056,,,,0.0167,,,,,,,,,,,,,,,,,,,,,,,,,,,,,,,,,,,,
362,,0.0028,,,,,,0.0193,,,,,,,,,,,,,,,,,,,,,,,,,,,,,,,,,,,
364,,0.0027,,0.0082,,,,,,,,,,,,,,,,,,,,,,,,,,,,,,,,,,,,,,,
365,,,,,0.011,,,,,,,,,,,,,,,,,,,,,,,,,,,,,,,,,,,,,,
366,,0.0027,,,,,,,,,,,,,,,,,,,,,,,,,,,,,,,,,,,,,,,,,
367,,,0.0054,,,,,,,,,,,,,,,,,,,,,,,,,,,,,,,,,,,,,,,,
368,0,,0.0054,,,,,,,,,,,,,,,,,,,,,,,,,,,,,,,,,,,,,,,,
371,,,,0.0081,0.0108,,,,,,,,,,,,,,,,,,,,,,,,,,,,,,,,,,,,,,
374,,,0.0053,,0.0107,,,,,,,,,,,,,,,,,,,,,,,,,,,,,,,,,,,,,,
375,,0.0027,,,,,,,,,,,,,,,,,,,,,,,,,,,,,,,,,,,,,,,,,
376,0,,,,0.0106,,,,,,,,,,,,,,,,,,,,,,,,,,,,,,,,,,,,,,
377,,,0.0053,,,,,,,,,,,,,,,,,,,,,,,,,,,,,,,,,,,,,,,,
380,0,0.0026,,,,,,,,,,,,,,,,,,,,,,,,,,,,,,,,,,,,,,,,,
381,,,0.0052,,0.0105,,,,,,,,,,,,,,,,,,,,,,,,,,,,,,,,,,,,,,
383,,,,,,,0.0157,,,,,,,,,,,,,,,,,,,,,,,,,,,,,,,,,,,,
384,,,,0.0078,,0.013,,,,,,,,,,,,,,,,,,,,,,,,,,,,,,,,,,,,,
385,,,,0.0078,,,,,,,,,,,,,,,,,,,,,,,,,,,,,,,,,,,,,,,
386,,,,,,,0.0155,,,,,,,,,,,,,,,,,,,,,,,,,,,,,,,,,,,,
388,,,,0.0077,,,,,,,,,,,,,,,,,,,,,,,,,,,,,,,,,,,,,,,
389,0,0.0026,0.0051,,,,,,,,,,,,,,,,,,,,,,,,,,,,,,,,,,,,,,,,
390,,0.0026,,,,,,,,,,,,,,,,,,,,,,,,,,,,,,,,,,,,,,,,,
391,0,,,,,,,,,,,,,,,,,,,,,,,,,,,,,,,,,,,,,,,,,,
392,,,,0.0077,,,,,,,,,,,,,,,,,,,,,,,,,,,,,,,,,,,,,,,
393,0,,,,,,,,,,,,,,,,,,,,,,,,,,,,,,,,,,,,,,,,,,
395,0,,,,,,,,,,,,,,,,,,,,,,,,,,,,,,,,,,,,,,,,,,
396,,,,,0.0101,,,,,,,,,,,,,,,,,,,,,,,,,,,,,,,,,,,,,,
398,,0.0025,,,,,,,,,,,,,,,,,,,,,,,,,,,,,,,,,,,,,,,,,
399,0,,0.005,0.0075,,,,,,,,,,,,,,,,,,,,,,,,,,,,,,,,,,,,,,,
400,0,,,,,,,,,,,,,,,,,,,,,,,,,,,,,,,,,,,,,,,,,,
404,,,,,,0.0124,,,,,,,,,,,,,,,,,,,,,,,,,,,,,,,,,,,,,
408,,,,,0.0098,,,,,,,,,,,,,,,,,,,,,,,,,,,,,,,,,,,,,,
410,,,,,,0.0122,,,,,,,,,,,,,,,,,,,,,,,,,,,,,,,,,,,,,
411,,0.0024,,,,,,,,,,,,,,,,,,,,,,,,,,,,,,,,,,,,,,,,,
412,,0.0024,,,,,,,,,,,,,,,,,,,,,,,,,,,,,,,,,,,,,,,,,
413,,0.0024,,,,,,,,,,,,,,,,,,,,,,,,,,,,,,,,,,,,,,,,,
414,,,,,0.0097,,0.0145,,,,,,,,,,,,,,,,,,,,,,,,,,,,,,,,,,,,
416,,,0.0048,,,,,,,,,,,,,,,,,,,,,,,,,,,,,,,,,,,,,,,,
417,,0.0024,,,,,,,,,,,,,,,,,,,,,,,,,,,,,,,,,,,,,,,,,
418,,,,0.0072,,,,0.0167,,,,,,,,,,,,,,,,,,,,,,,,,,,,,,,,,,,
419,,0.0024,,,,0.0119,,,,,,,,,,,,,,,,,,,,,,,,,,,,,,,,,,,,,
420,0,0.0024,,,,,,,,,,,,,,,,,,,,,,,,,,,,,,,,,,,,,,,,,
421,,,,0.0071,,,,,,,,,,,,,,,,,,,,,,,,,,,,,,,,,,,,,,,
422,,,,0.0071,,,,,,,,,,,,,,,,,,,,,,,,,,,,,,,,,,,,,,,
423,,,0.0047,,,,,,,,,,,,,,,,,,,,,,,,,,,,,,,,,,,,,,,,
426,,,,0.007,,,,,,,,,,,,,,,,,,,,,,,,,,,,,,,,,,,,,,,
429,,0.0023,0.0047,,,,,,,,,,,,,,,,,,,,,,,,,,,,,,,,,,,,,,,,
432,,,0.0046,,0.0093,,,,,,,,,,,,,,,,,,,,,,,,,,,,,,,,,,,,,,
435,0,,0.0046,,,,,,,,,,,,,,,,,,,,,,,,,,,,,,,,,,,,,,,,
440,,0.0023,0.0045,,,,,,,,,,,,,,,,,,,,,,,,,,,,,,,,,,,,,,,,
443,,,0.0045,,,,,,,,,,,,,,,,,,,,,,,,,,,,,,,,,,,,,,,,
446,,,,0.0067,,,,,,,,,,,,,,,,,,,,,,,,,,,,,,,,,,,,,,,
447,,0.0022,,,,,,,,,,,,,,,,,,,,,,,,,,,,,,,,,,,,,,,,,
448,0,0.0022,,,,,,,,,,,,,,,,,,,,,,,,,,,,,,,,,,,,,,,,,
449,,,0.0045,,,,,,,,,,,,,,,,,,,,,,,,,,,,,,,,,,,,,,,,
451,,0.0022,,,,,,,,,,,,,,,,,,,,,,,,,,,,,,,,,,,,,,,,,
452,,,,0.0066,,,,,,,,,,,,,,,,,,,,,,,,,,,,,,,,,,,,,,,
454,,,,0.0066,,,,,,,,,,,,,,,,,,,,,,,,,,,,,,,,,,,,,,,
456,,0.0022,,,,,,,,,,,,,,,,,,,,,,,,,,,,,,,,,,,,,,,,,
457,,0.0022,,,,,,,,,,,,,,,,,,,,,,,,,,,,,,,,,,,,,,,,,
458,,0.0022,,,,,,,,,,,,,,,,,,,,,,,,,,,,,,,,,,,,,,,,,
459,0,,,,,0.0109,,,,,,,,,,,,,,,,,,,,,,,,,,,,,,,,,,,,,
461,0,,,,,,,,,,,,,,,,,,,,,,,,,,,,,,,,,,,,,,,,,,
462,0,0.0022,,,,0.0108,,,,,,,,,,,,,,,,,,,,,,,,,,,,,,,,,,,,,
464,,,,,,0.0108,,,,,,,,,,,,,,,,,,,,,,,,,,,,,,,,,,,,,
465,,0.0022,,0.0065,,,,,,,,,,,,,,,,,,,,,,,,,,,,,,,,,,,,,,,
469,,0.0021,,,,,,,,,,,,,,,,,,,,,,,,,,,,,,,,,,,,,,,,,
470,0,0.0021,,,,,,,,,,,,,,,,,,,,,,,,,,,,,,,,,,,,,,,,,
471,,,,,0.0085,,,,,,,,,,,,,,,,,,,,,,,,,,,,,,,,,,,,,,
473,,0.0021,,,,,,,,,,,,,,,,,,,,,,,,,,,,,,,,,,,,,,,,,
474,,,0.0042,,,,,,,,,,,,,,,,,,,,,,,,,,,,,,,,,,,,,,,,
475,,0.0021,,,,,,,,,,,,,,,,,,,,,,,,,,,,,,,,,,,,,,,,,
477,,0.0021,,,,0.0105,,,,,,,,,,,,,,,,,,,,,,,,,,,,,,,,,,,,,
478,,,,0.0063,,,,,,,,,,,,,,,,,,,,,,,,,,,,,,,,,,,,,,,
480,0,,,,,,,,,,,,,,,,,,,,,,,,,,,,,,,,,,,,,,,,,,
481,,,0.0042,,,,,,,,,,,,,,,,,,,,,,,,,,,,,,,,,,,,,,,,
482,0,,,,,0.0104,,,,,,,,,,,,,,,,,,,,,,,,,,,,,,,,,,,,,
483,,,0.0041,,,,,,,,,,,,,,,,,,,,,,,,,,,,,,,,,,,,,,,,
484,,,0.0041,,,,,,,,,,,,,,,,,,,,,,,,,,,,,,,,,,,,,,,,
487,0,,0.0041,,,,,,,,,,,,,,,,,,,,,,,,,,,,,,,,,,,,,,,,
488,,,,,0.0082,,,,,,,,,,,,,,,,,,,,,,,,,,,,,,,,,,,,,,
490,,,0.0041,0.0061,,,,,,,,,,,,,,,,,,,,,,,,,,,,,,,,,,,,,,,
491,,,,0.0061,,,,,,,,,,,,,,,,,,,,,,,,,,,,,,,,,,,,,,,
494,,,,,,0.0101,,,,,,,,,,,,,,,,,,,,,,,,,,,,,,,,,,,,,
496,,,,,,0.0101,,,,,,,,,,,,,,,,,,,,,,,,,,,,,,,,,,,,,
497,,,,,0.008,,,,,,,,,,,,,,,,,,,,,,,,,,,,,,,,,,,,,,
499,,,,,,,0.012,,,,,,,,,,,,,,,,,,,,,,,,,,,,,,,,,,,,
500,,,,,0.008,,,,,,0.02,,,,,,,,,,,,,,,,,,,,,,,,,,,,,,,,
501,,,0.004,,0.008,,,,,,,,,,,,,,,,,,,,,,,,,,,,,,,,,,,,,,
502,,,0.004,,,,,,,,,,,,,,,,,,,,,,,,,,,,,,,,,,,,,,,,
503,,0.002,,,,,,,,,,,,,,,,,,,,,,,,,,,,,,,,,,,,,,,,,
507,,,,,0.0079,,,,,,,,,,,,,,,,,,,,,,,,,,,,,,,,,,,,,,
508,,0.002,0.0039,,,,,,,,,,,,,,,,,,,,,,,,,,,,,,,,,,,,,,,,
510,,0.002,,,,,,,,,,,,,,,,,,,,,,,,,,,,,,,,,,,,,,,,,
511,,,0.0039,,,,,,,,,,,,,,,,,,,,,,,,,,,,,,,,,,,,,,,,
515,,0.0019,,,,,,,,,,,,,,,,,,,,,,,,,,,,,,,,,,,,,,,,,
516,,,0.0039,,,,,,,,,,,,,,,,,,,,,,,,,,,,,,,,,,,,,,,,
524,0,,,,,,,,,,,,,,,,,,,,,,,,,,,,,,,,,,,,,,,,,,
525,,0.0019,,,,,,,,,,,,,,,,,,,,,,,,,,,,,,,,,,,,,,,,,
526,,,0.0038,,,,,,,,,,,,,,,,,,,,,,,,,,,,,,,,,,,,,,,,
527,,0.0019,,,,,,,,,,,,,,,,,,,,,,,,,,,,,,,,,,,,,,,,,
528,,,0.0038,,0.0076,,0.0114,,,,,,,,,,,,,,,,,,,,,,,,,,,,,,,,,,,,
532,,,0.0038,0.0056,,,,,,,,,,,,,,,,,,,,,,,,,,,,,,,,,,,,,,,
533,0,0.0019,,,,,,,,,,,,,,,,,,,,,,,,,,,,,,,,,,,,,,,,,
534,,,0.0037,,,,,0.0131,,,,,,,,,,,,,,,,,,,,,,,,,,,,,,,,,,,
535,0,,,,,,,,,,,,,,,,,,,,,,,,,,,,,,,,,,,,,,,,,,
536,,0.0019,,,,,,,,,,,,,,,,,,,,,,,,,,,,,,,,,,,,,,,,,
537,,,,,,0.0093,,,,,,,,,,,,,,,,,,,,,,,,,,,,,,,,,,,,,
540,,,,0.0056,,,,,,,,,,,,,,,,,,,,,,,,,,,,,,,,,,,,,,,
542,,,,,0.0074,,,,,,,,,,,,,,,,,,,,,,,,,,,,,,,,,,,,,,
544,,0.0018,,,0.0074,,,,,,,,,,,,,,,,,,,,,,,,,,,,,,,,,,,,,,
546,,,0.0037,,,,,,,,,,,,,,,,,,,,,,,,,,,,,,,,,,,,,,,,
547,,,0.0037,,,,,,,,,,,,,,,,,,,,,,,,,,,,,,,,,,,,,,,,
548,,0.0018,,,,,,,,,,,,,,,,,,,,,,,,,,,,,,,,,,,,,,,,,
549,,,,,,,,,0.0146,,,,,,,,,,,,,,,,,,,,,,,,,,,,,,,,,,
553,,0.0018,,,,0.009,,,,,,,,,,,,,,,,,,,,,,,,,,,,,,,,,,,,,
555,,,,,,0.009,,,,,,,,,,,,,,,,,,,,,,,,,,,,,,,,,,,,,
556,,,0.0036,,,,,0.0126,,,,,,,,,,,,,,,,,,,,,,,,,,,,,,,,,,,
558,,,,,,,0.0108,,,,,,,,,,,,,,,,,,,,,,,,,,,,,,,,,,,,
561,,0.0018,,,0.0071,,,,,,,,0.0214,,,,,,,,,,,,,,,,,,,,,,,,,,,,,,
562,0,,0.0036,,,,,,,,,,,,,,,,,,,,,,,,,,,,,,,,,,,,,,,,
563,,,,0.0053,,,,,,,,,,,,,,,,,,,,,,,,,,,,,,,,,,,,,,,
564,,0.0018,,,,,,,,,,,,,,,,,,,,,,,,,,,,,,,,,,,,,,,,,
565,,,0.0035,,,,,,,,,,,,,,,,,,,,,,,,,,,,,,,,,,,,,,,,
567,,0.0018,,,,,,,,,,,,,,,,,,,,,,,,,,,,,,,,,,,,,,,,,
569,,,,,,0.0088,,,,,,,,,,,,,,,,,,,,,,,,,,,,,,,,,,,,,
571,,,,0.0053,,,,0.0123,,,,,,,,,,,,,,,,,,,,,,,,,,,,,,,,,,,
572,,,,,,0.0087,,,,,,,,,,,,,,,,,,,,,,,,,,,,,,,,,,,,,
573,,,0.0035,,,,,,,,,,,,,,,,,,,,,,,,,,,,,,,,,,,,,,,,
574,0,,0.0035,0.0052,,,,,,,,,,,,,,,,,,,,,,,,,,,,,,,,,,,,,,,
576,0,0.0017,,,,,,,,,,,,,,,,,,,,,,,,,,,,,,,,,,,,,,,,,
577,,,,,0.0069,,,,,,,,,,,,,,,,,,,,,,,,,,,,,,,,,,,,,,
582,,,,,,0.0086,,,,,,,,,,,,,,,,,,,,,,,,,,,,,,,,,,,,,
586,,0.0017,,,,,,,,,,,,,,,,,,,,,,,,,,,,,,,,,,,,,,,,,
588,,,0.0034,,,,,,,,,,,,,,,,,,,,,,,,,,,,,,,,,,,,,,,,
589,,,,,,0.0085,,,,,,,,,,,,,,,,,,,,,,,,,,,,,,,,,,,,,
590,,,,,0.0068,,,,0.0136,,,,,,,,,,,,,,,,,,,,,,,,,,,,,,,,,,
591,,,,0.0051,,,,,,,,,,,,,,,,,,,,,,,,,,,,,,,,,,,,,,,
596,,,,,,0.0084,,,,,,,,,,,,,,,,,,,,,,,,,,,,,,,,,,,,,
597,,0.0017,,,,,,,,,,,,,,,,,,,,,,,,,,,,,,,,,,,,,,,,,
598,,,,,,0.0084,,,,,,,,,,,,,,,,,,,,,,,,,,,,,,,,,,,,,
600,,,0.0033,,,,,,,,,,,,,,,,,,,,,,,,,,,,,,,,,,,,,,,,
601,,0.0017,,,0.0067,,,,,,,,,,,,,,,,,,,,,,,,,,,,,,,,,,,,,,
602,,,0.0033,,,,,,,,,,,,,,,,,,,,,,,,,,,,,,,,,,,,,,,,
603,,,,,,0.0083,,0.0116,,,,,,,,,,,,,,,,,,,,,,,,,,,,,,,,,,,
605,,,,,,,,0.0116,,,,,,,,,,,,,,,,,,,,,,,,,,,,,,,,,,,
606,,0.0017,,,,,,,,,,,,,,,,,,,,,,,,,,,,,,,,,,,,,,,,,
608,0,,,0.0049,,,,,,,,,,,,,,,,,,,,,,,,,,,,,,,,,,,,,,,
609,,,,0.0049,,,,0.0115,,,,,,,,,,,,,,,,,,,,,,,,,,,,,,,,,,,
611,,,0.0033,0.0049,0.0065,,,,,,,,,,,,,,,,,,,,,,,,,,,,,,,,,,,,,,
619,,,,,,,,,,,0.0162,,,,,,,,,,,,,,,,,,,,,,,,,,,,,,,,
620,,,0.0032,,,,,,,,,,,,,,,,,,,,,,,,,,,,,,,,,,,,,,,,
621,,,0.0032,,,,,,,,,,,,,,,,,,,,,,,,,,,,,,,,,,,,,,,,
623,,0.0016,,,,,0.0096,0.0112,,,,,,,,,,,,,,,,,,,,,,,,,,,,,,,,,,,
625,,0.0016,,,,0.008,,,,,,,,,,,,,,,,,,,,,,,,,,,,,,,,,,,,,
626,,,,,,0.008,,,,0.0144,,,,,,,,,,,,,,,,,,,,,,,,,,,,,,,,,
628,,,0.0032,0.0048,,,,,,,,,,,,,,,,,,,,,,,,,,,,,,,,,,,,,,,
631,,,,0.0048,,,,,,,,,,,,,,,,,,,,,,,,,,,,,,,,,,,,,,,
632,0,,,0.0047,,,,,,,,,,,,,,,,,,,,,,,,,,,,,,,,,,,,,,,
633,0,,,,,,,,,,,,,,,,,,,,,,,,,,,,,,,,,,,,,,,,,,
634,,,0.0032,0.0047,,,,,,,,,,,0.0221,,,,,,,,,,,,,,,,,,,,,,,,,,,,
636,,,,,,,,0.011,,,,,,,,,,,,,,,,,,,,,,,,,,,,,,,,,,,
637,0,,,0.0047,,,,,,0.0141,,,,,,,,,,,,,,,,,,,,,,,,,,,,,,,,,
638,0,,,,,,,,,,,,,,,,,,,,,,,,,,,,,,,,,,,,,,,,,,
639,,,,,,,0.0094,,,,,,,,,,,,,,,,,,,,,,,,,,,,,,,,,,,,
642,,0.0016,0.0031,0.0047,,,,,,,,,,,,,,,,,,,,,,,,,,,,,,,,,,,,,,,
643,,,,0.0047,0.0062,,,,,,,,,,,,,,,,,,,,,,,,,,,,,,,,,,,,,,
644,,,,,,0.0078,,,,,,,,,,,,,,,,,,,,,,,,,,,,,,,,,,,,,
646,,,0.0031,,,,,,,,,,,,,,,,,,,,,,,,,,,,,,,,,,,,,,,,
648,0,,,,,,,,,,,,,,,,,,,,,,,,,,,,,,,,,,,,,,,,,,
649,,,,,,,,0.0108,,,,,,,,,,,,,,,,,,,,,,,,,,,,,,,,,,,
650,,,,,,,,0.0108,,,,,,,,,,,,,,,,,,,,,,,,,,,,,,,,,,,
656,,,,0.0046,,,,,,,,,,,,,,,,,,,,,,,,,,,,,,,,,,,,,,,
658,,,,,,,0.0091,,,,,,,,,,,,,,,,,,,,,,,,,,,,,,,,,,,,
659,,0.0015,,,,,,,0.0121,,,,,,,,,,,,,,,,,,,,,,,,,,,,,,,,,,
662,,,,,,,,0.0106,,,,,,,,,,,,,,,,,,,,,,,,,,,,,,,,,,,
664,,,,,0.006,,,,,,,,,,,,,,,,,,,,,,,,,,,,,,,,,,,,,,
665,,,,0.0045,,,0.009,,,,,,,,,,,,,,,,,,,,,,,,,,,,,,,,,,,,
666,,,,,,0.0075,,,,,,,,,,,,,,,,,,,,,,,,,,,,,,,,,,,,,
667,0,,,,,,,,,,,,,,,,,,,,,,,,,,,,,,,,,,,,,,,,,,
668,,,,0.0045,,,,,,0.0135,,,,,,,,,,,,,,,,,,,,,,,,,,,,,,,,,
671,,,,,,,,,0.0119,,,,,,,,,,,,,,,,,,,,,,,,,,,,,,,,,,
672,,,0.003,,,,,,,,,,,,,,,,,,,,,,,,,,,,,,,,,,,,,,,,
674,,,0.003,,,,,,,,,,,,,,,,,,,,,,,,,,,,,,,,,,,,,,,,
685,,,0.0029,,,,,,,,,,,,,,,,,,,,,,,,,,,,,,,,,,,,,,,,
686,,,,,,0.0073,,,,,,,,,,,,,,,,,,,,,,,,,,,,,,,,,,,,,
688,,,,0.0044,,,,,,,,,,,,,,,,,,,,,,,,,,,,,,,,,,,,,,,
696,,0.0014,,0.0043,,,,,,,,,,,,,,,,,,,,,,,,,,,,,,,,,,,,,,,
701,,,,,,,,,,,,0.0157,,,,,,,,,,,,,,,,,,,,,,,,,,,,,,,
703,,,,0.0043,,,,,,,,,,,,,,,,,,,,,,,,,,,,,,,,,,,,,,,
706,,0.0014,,,,,,,,,,,,,,,,,,,,,,,,,,,,,,,,,,,,,,,,,
708,,,,0.0042,,,,,,,,,,,,,,,,,,,,,,,,,,,,,,,,,,,,,,,
710,0,0.0014,,,,,,,,,,,,,,,,,,,,,,,,,,,,,,,,,,,,,,,,,
711,0,0.0014,,,,,,,,,,,,,,,,,,,,,,,,,,,,,,,,,,,,,,,,,
717,,,,0.0042,,,,,,,0.0139,,,,,,,,,,,,,,,,,,,,,,,,,,,,,,,,
718,,,,,,,0.0084,,,,,,,,,,,,,,,,,,,,,,,,,,,,,,,,,,,,
721,,,,0.0042,,,,,,,,,,,,,,,,,,,,,,,,,,,,,,,,,,,,,,,
723,0,,,,,,,,,,,,,,,,,,,,,,,,,,,,,,,,,,,,,,,,,,
728,,0.0014,,0.0041,0.0055,,,,,,,,,,,,,,,,,,,,,,,,,,,,,,,,,,,,,,
729,,,,,,0.0069,,,,,,,,,,,,,,,,,,,,,,,,,,,,,,,,,,,,,
731,0,,,,,,,,,,,,,,,,,,,,,,,,,,,,,,,,,,,,,,,,,,
733,,,,,,,,,,0.0123,,,,,,,,,,,,,,,,,,,,,,,,,,,,,,,,,
734,,,,,0.0054,,0.0082,,,,,,,,,,,,,,,,,,,,,,,,,,,,,,,,,,,,
735,,,0.0027,,,,,,,,,,,,,,,,,,,,,,,,,,,,,,,,,,,,,,,,
737,,,,,0.0054,0.0068,,,,,,,,,,,,,,,,,,,,,,,,,,,,,,,,,,,,,
746,,,0.0027,,,,,,,,,,,,,,,,,,,,,,,,,,,,,,,,,,,,,,,,
747,,,0.0027,,,,,,,,,,,,,,,,,,,,,,,,,,,,,,,,,,,,,,,,
752,0,,,,,,0.008,,,,,,,,,,,,,,,,,,,,,,,,,,,,,,,,,,,,
754,0,,,,,,,,,,,,,,,,,,,,,,,,,,,,,,,,,,,,,,,,,,
756,,,,0.004,,,,,,,,,,,,,,,,,,,,,,,,,,,,,,,,,,,,,,,
759,,,0.0026,,,,,,,,,,,,,,,,,,,,,,,,,,,,,,,,,,,,,,,,
761,,,0.0026,,,,,,,,,,,,,,,,,,,,,,,,,,,,,,,,,,,,,,,,
762,0,,,0.0039,,,,,,,,,,,,,,,,,,,,,,,,,,,,,,,,,,,,,,,
763,,,,,,,,0.0092,,,,,,,,,,,,,,,,,,,,,,,,,,,,,,,,,,,
766,,,0.0026,,,,,,,,,,,,,,,,,,,,,,,,,,,,,,,,,,,,,,,,
771,,,,,,,,,,,,,,,0.0182,,,,,,,,,,,,,,,,,,,,,,,,,,,,
774,,,,,,,,,0.0103,,,,,,,,,,,,,,,,,,,,,,,,,,,,,,,,,,
778,,,,,,,,,,,0.0129,,,,,,,,,,,,,,,,,,,,,,,,,,,,,,,,
783,,,,,0.0051,,,,,,,,,,,,,,,,,,,,,,,,,,,,,,,,,,,,,,
784,,,0.0026,,,,,,,,,,,,,,,,,,,,,,,,,,,,,,,,,,,,,,,,
785,,0.0013,,,,,,,,,,,,,,,,,,,,,,,,,,,,,,,,,,,,,,,,,
789,,,0.0025,,,,,,,,,,,,,,,,,,,,,,,,,,,,,,,,,,,,,,,,
793,,0.0013,,,0.005,0.0063,,,,,,,,,,,,,,,,,,,,,,,,,,,,,,,,,,,,,
795,,,0.0025,,,,,,,,,,,,,,,,,,,,,,,,,,,,,,,,,,,,,,,,
797,,,,,,,0.0075,,,,,,,,,,,,,,,,,,,,,,,,,,,,,,,,,,,,
804,,,0.0025,,,,,,,,,,,,,,,,,,,,,,,,,,,,,,,,,,,,,,,,
807,,,,,,,,,0.0099,,,,,,,,,,,,,,,,,,,,,,,,,,,,,,,,,,
809,,,,,,0.0062,,,,,,,,,,,,,,,,,,,,,,,,,,,,,,,,,,,,,
810,,,,,,,,0.0086,,,,,,,,,,,,,,,,,,,,,,,,,,,,,,,,,,,
813,,,,,,0.0062,,,,,,,,,,,,,,,,,,,,,,,,,,,,,,,,,,,,,
815,,,,,,,,,0.0098,,,,,,,,,,,,,,,,,,,,,,,,,,,,,,,,,,
819,,,,,,,,,,,,0.0134,,0.0159,,,,,,,,,,,,,,,,,,,,,,,,,,,,,
820,0,,,,,,,,,,,,,,,,,0.0207,,,,,,,,,,,,,,,,,,,,,,,,,
830,,,,0.0036,,,,,,0.0108,,,,,,,,,,,,,,,,,,,,,,,,,,,,,,,,,
835,,,,0.0036,,,,,,,,,,,,,,,,,,,,,,,,,,,,,,,,,,,,,,,
837,,,,,,0.006,,,,,,,,,,,,,,,,,,,,,,,,,,,,,,,,,,,,,
838,,,,,,0.006,,,,,,,,,,,,,,,,,,,,,,,,,,,,,,,,,,,,,
840,,,,,,,,,,,,,,0.0155,,,,,,,,,,,,,,,,,,,,,,,,,,,,,
842,,,,,,,0.0071,,,,,,,,,,,,,,,,,,,,,,,,,,,,,,,,,,,,
844,,,,,,,,,,0.0107,,,,,,,,,,,,,,,,,,,,,,,,,,,,,,,,,
847,,,,,,,,,,0.0106,,,,,,,,,,,,,,,,,,,,,,,,,,,,,,,,,
854,,,,0.0035,,,,,,,,,,,,,,,,,,,,,,,,,,,,,,,,,,,,,,,
855,,,,,0.0047,,,,,,,,,,,,,,,,,,,,,,,,,,,,,,,,,,,,,,
858,,,,0.0035,,,,,,,,,,,,,,,,,,,,,,,,,,,,,,,,,,,,,,,
869,,,0.0023,,,,,,,,,,,,,,,,,,,,,,,,,,,,,,,,,,,,,,,,
870,,,,0.0034,,,,,,,,,,,,,,,,,,,,,,,,,,,,,,,,,,,,,,,
871,,,,,,,,,,,,0.0126,,,,,,,,,,,,,,,,,,,,,,,,,,,,,,,
874,,,,,,,,,0.0092,,,,,,,,,,,,,,,,,,,,,,,,,,,,,,,,,,
881,,0.0011,,,,,,,,,,,,,,,,,,,,,,,,,,,,,,,,,,,,,,,,,
882,,0.0011,,,,,,,,,,,,,,,,,,,,,,,,,,,,,,,,,,,,,,,,,
888,,,,,,,,0.0079,,,,,,,,,,,,,,,,,,,,,,,,,,,,,,,,,,,
890,0,,,,,,,,,,,,,,,,,,,,,,,,,,,,,,,,,,,,,,,,,,
892,,,,,,,,,,0.0101,,,,,,,,,,,,,,,,,,,,,,,,,,,,,,,,,
893,,,,,,,,,,,,,,,,,0.0179,,,,,,,,,,,,,,,,,,,,,,,,,,
895,,,,,,,,,,,,,,,,,,,0.0201,,,,,,,,,,,,,,,,,,,,,,,,
897,,,0.0022,,,,,,,,,,,,,,,,,,,,,,,,,,,,,,,,,,,,,,,,
899,,,,,,0.0056,0.0067,,,,,,,,,,,,,,,,,,,,,,,,,,,,,,,,,,,,
902,,,,,,,,,0.0089,,,,,,,,,,,,,,,,,,,,,,,,,,,,,,,,,,
903,,,,,,,,,,,,,,,0.0155,,,,,,,,,,,,,,,,,,,,,,,,,,,,
908,0,,,,,,,,,,,,,,,,,,,,,,,,,,,,,,,,,,,,,,,,,,
918,,,,0.0033,0.0044,,,,,,,,,,,,,,,,,,,,,0.0272,,,,,,,,,,,,,,,,,
919,,,,0.0033,,,,,,,,,,,,,,,,,,,,,,,,,,,,,,,,,,,,,,,
921,,0.0011,,,,,,,,,,,,,,,,,,,,,,,,,,,,,,,,,,,,,,,,,
924,0,,,,,,,,0.0087,,,,,,,,,,,,,,,,,,,,,,,,,,,,,,,,,,
926,,0.0011,,,,,,,,,,,,,,,,,,,,,,,,,,,,,,,,,,,,,,,,,
928,,,0.0022,,,,,,,,,,,,,,,,,,,,,,,,,,,,,,,,,,,,,,,,
936,0,,,,,,,,,,,,,,,,,,,,,,,,,,,,,,,,,,,,,,,,,,
937,,,,,,,0.0064,,,,,,,,,,,,,,,,,,,,,,,,,,,,,,,,,,,,
939,0,,,,,,,,,,,,,,,,,,,,,,,,,,,,,,,,,,,,,,,,,,
943,,,,0.0032,,,,,,,,,,,,,,,,,,,,,,,,,,,,,,,,,,,,,,,
950,,,,0.0032,,,,,,,,,,,,,,,,,,,,,,,,,,,,,,,,,,,,,,,
955,,0.001,,0.0031,,,,,,,,,,,,,,,,,,,,,,,,,,,,,,,,,,,,,,,
959,,,,,,,,,,,,0.0115,,,,,,,,,,,,,,,,,,,,,,,,,,,,,,,
966,,,,,,,0.0062,,,,,,,,,,,,,,,,,,,,,,,,,,,,,,,,,,,,
974,,,0.0021,,,,,,,,,,,,,,,,,,,,,,,,,,,,,,,,,,,,,,,,
981,,0.001,,,,,,,,,,,,,0.0143,,,,,,,,,,,,,,,,,,,,,,,,,,,,
986,,,0.002,,,,,,,,,,,,,,,,,,,,,,,,,,,,,,,,,,,,,,,,
989,,,,,,,0.0061,,,,,,,,,,,,,,,,,,,,,,,,,,,,,,,,,,,,
994,,,,,,0.005,,,,,,,,,,,,,,,,,,,,,,,,,,,,,,,,,,,,,
995,0,,,,,,0.006,,,,,,,,,,,,,,,,,,,,,,,,,,,,,,,,,,,,
1000,,0.001,,,,,,,,,,,,,,,,,,,,,,,,,,,,,,,,,,,,,,,,,
1008,,,,,,,,0.0069,,,,,,,,,,,,,,,,,,,,,,,,,,,,,,,,,,,
1013,,0.001,,,,,,,,,,,,,,,,,,,,,,,,,,,,,,,,,,,,,,,,,
1015,,,,,,,0.0059,,,,,,,,0.0138,,,,,,,,,,,,,,,,,,,,,,,,,,,,
1017,0,,,,,,,,,,,,,,,,,,,,,,,,,,,,,,,,,,,,,,,,,,
1019,0,,,,,,,,,,,,,,,,,,,,,,,,,,,,,,,,,,,,,,,,,,
1028,,0.001,,,,,,,,,,,,,,,,,,,,,,,,,,,,,,,,,,,,,,,,,
1030,,,,,,,,,,0.0087,,,,,,,,,,,,,,,,,,,,,,,,,,,,,,,,,
1034,,,,,,,,,,,,,0.0116,,,,,,,,,,,,,,,,,,,,,,,,,,,,,,
1035,0,,,,,,,,,,,,,,,,,,,,,,,,,,,,,,,,,,,,,,,,,,
1038,,,0.0019,,,,,,,,,,,,,,,,,,,,,,,,,,,,,,,,,,,,,,,,
1041,,0.001,,,,,,,,,,,,,,,,,,,,,,,,,,,,,,,,,,,,,,,,,
1044,,,,,,0.0048,,,,,,,,,,,,,,,,,,,,,,,,,,,,,,,,,,,,,
1046,,0.001,,,,,,,,,,,,,,,,,,,,,,,,,,,,,,,,,,,,,,,,,
1053,,,,,0.0038,,,,,,,,,,,,,,,,,,,,,,,,,,,,,,,,,,,,,,
1056,,,,,,,,,,0.0085,,,,,,,,,,,,,,,,,,,,,,,,,,,,,,,,,
1057,0,,,,,,,,,,,,,,,,,,,,,,,,,,,,,,,,,,,,,,,,,,
1062,,0.0009,,,,,,,,,,,,0.0122,,,,,,,,,,,,,,,,,,,,,,,,,,,,,
1063,,,,,,,,0.0066,,,,,,,,,,,,,,,,,,,,,,,,,,,,,,,,,,,
1066,0,,,,,,,,,,,,,,,,,,,,,,,,,,,,,,,,,,,,,,,,,,
1072,0,,,,,,,,,,,,,,,,,,,,,,,,,,,,,,,,,,,,,,,,,,
1076,,0.0009,,,,,,,,,,,,,,,,,,,,,,,,,,,,,,,,,,,,,,,,,
1077,,,,,,,0.0056,,,,,,,,,,,,,,,,,,,,,,,,,,,,,,,,,,,,
1078,,,0.0019,,,,,,,,,,,,,,,,,,,,,,,,,,,,,,,,,,,,,,,,
1091,,,,0.0027,,,,,,,,,,,,,,,,,,,,,,,,,,,,,,,,,,,,,,,
1094,,,,,,,,,0.0073,,,,,,,,,,,,,,,,,,,,,,,,,,,,,,,,,,
1098,,,,,,,,,,0.0082,,,,,,,,,,,,,,,,,,,,,,,,,,,,,,,,,
1101,,,,,0.0036,,,,,,,,,,,,,,,,,,,,,,,,,,,,,,,,,,,,,,
1103,,,,,,,,,,,,,,,,0.0136,,,,,,,,,,,,,,,,,,,,,,,,,,,
1115,,,,,,,,,,,,,,,,,0.0143,,,,,,,,,,,,,,,,,,,,,,,,,,
1116,,,,,0.0036,,,,,,,,,,,,,,,,,,,,,,,,,,,,,,,,,,,,,,
1118,,,0.0018,,,,,,,,,0.0098,,,,0.0134,,,,,,,,,,,,,,,,,,,,,,,,,,,
1126,,,0.0018,,,,,,,,,,,,,,,,,,,,,,,,,,,,,,,,,,,,,,,,
1130,,,,,,,,,,,0.0088,,,,,,,,,,,,,,,,,,,,,,,,,,,,,,,,
1133,,,,,,,,,,,0.0088,,,,,,,,,,,,,,,,,,,,,,,,,,,,,,,,
1139,,,,,,,,,,,,0.0097,,,,,,,,,,,,,,,,,,,,,,,,,,,,,,,
1147,,,,,0.0035,,,,,,,,,,,,,,,,,,,,,,,,,,,,,,,,,,,,,,
1152,,,0.0017,,,,,,,,,,,,,,,0.0148,,,,,,,,,,,,,,,,,,,,,,,,,
1154,,,,,,,,,,,,,,,,,,,,,,0.0182,,,,,,,,,,,,,,,,,,,,,
1156,,0.0009,,,,,,,,,,,,,,,,,,,,,,,,,,,,,,,,,,,,,,,,,
1164,,,0.0017,,,,,,,,,,,,,,,,,,,,,,,,,,,,,,,,,,,,,,,,
1165,,,,,,,0.0052,,,,,,,,,,,,,,,,,,,,,,,,,,,,,,,,,,,,
1169,,,,,,,,,,,,,,,,0.0128,,,,,,,,,,,,,,,,,,,,,,,,,,,
1176,,,,,,,,0.006,,,,,,,,,,,,,,,,,,,,,,,,,,,,,,,,,,,
1185,,,,,,,,,,,,,,,,,,,,,,,0.0186,,,,,,,,,,,,,,,,,,,,
1189,,,,,,,0.005,,,,,,,,,,,,,,,,,,,,,,,,,,,,,,,,,,,,
1195,,,,,,,,,,0.0075,,,,,,,,,,,,,,,,,,,,,,,,,,,,,,,,,
1199,,0.0008,,,,,,,,,,,,,0.0117,,,,,,,,,,,,,,,,,,,,,,,,,,,,
1212,,,,,,,,,,,0.0083,,,,,,,,,,,,,,,,,,,,,,,,,,,,,,,,
1216,,,,,,,,,,0.0074,,,,,,,,,,,,,,,,,,,,,,,,,,,,,,,,,
1218,,0.0008,,,,,,,,,,,,,,,,,,,,,,,,,,,,,,,,,,,,,,,,,
1235,,,,0.0024,,,,,,,,,,,,,,,,,,,,,,,,,,,,,,,,,,,,,,,
1236,,0.0008,,,,,,,,,,,,,,,,,,,,,,,,,,,,,,,,,,,,,,,,,
1238,0,,,,0.0032,,,,,,,,,,,,,,,,,,,,,,,,,,,,,,,,,,,,,,
1241,,,,,,,,,0.0064,,,,,,,,,,,,,,,,,,,,,,,,,,,,,,,,,,
1243,0,,,,,,,,,,,,,,,,,,,,,,,,,,,,,,,,,,,,,,,,,,
1250,0,,,,,,,,,,,,,,,,,,,,,,,,,,,,,,,,,,,,,,,,,,
1256,,,,,,,,,,,,0.0088,,,,,,,,,,,,,,,,,,,,,,,,,,,,,,,
1263,,,,,,,,,,,,,,,,,,,,,,,,0.0182,,,,,,,,,,,,,,,,,,,
1264,,,,,,,,,,,,,,,,0.0119,,,,,,,,,,,,,,,,,,,,,,,,,,,
1265,,0.0008,,,,,,,,,,,,,,,,,,,,,,,,,,,,,,,,,,,,,,,,,
1268,,,,,,,,,,,,,,,,,0.0126,,,,,,,,,,,,,,,,,,,,,,,,,,
1270,,,,,,0.0039,,,,,,,,,,,,,,,,,,,,,,,,,,,,,,,,,,,,,
1276,,,,,,,0.0047,,,,,,,,,,,,,,,,,,,,,,,,,,,,,,,,,,,,
1286,,,,,,,,,,,,0.0086,,,,,,,,,,,,,,,,,,,,,,,,,,,,,,,
1291,,,,0.0023,,,,,,,,,,,,,,,0.0139,,,,,,,,,,,,,,,,,,,,,,,,
1296,,,0.0015,,,,,,,,,,,,,,,,,,,,,,,,,,,,,,,,,,,,,,,,
1298,,,,,,,0.0046,,,,,,,,,,,,,,,,,,,,,,,,,,,,,,,,,,,,
1299,,0.0008,,,,,0.0046,,,,,,,,,,,,,,,,,,,,,,,,,,,,,,,,,,,,
1310,,0.0008,,,,,,,,,,,,,,,,,,,,,,,,,,0.0221,,,,,,,,,,,,,,,
1312,,,,,,,,,,,,,,,0.0107,,,,,,,,,,,,,,,,,,,,,,,,,,,,
1313,,0.0008,,,,,,,,,,,,,,,,,,,,,,,,,,,,,,,,,,,,,,,,,
1316,,,,,,,,,,,,,,,,,0.0122,,,,,,,,,,,,,,,,,,,,,,,,,,
1320,,,,,,,,,,,,,,,,0.0114,,,,,,,,,,,,,,,,,,,,,,,,,,,
1322,,,,,,,,0.0053,0.0061,,,,,,,0.0113,,,,,,,,,,,,,,,,,,,,,,,,,,,
1326,,,,,,,,,,,,0.0083,,,,,,,,,,,,,,,,,,,,,,,,,,,,,,,
1357,,,0.0015,,,,,,,,,,,,,,,,,,,,,,,,,,,,,,,,,,,,,,,,
1369,,,,,,,,,,,,,,,,,,0.0124,,,,,,,,,0.019,,,,,,,,,,,,,,,,
1382,,,,,,,,,,,,,,,,,,,0.013,,,,,,,,,,,,,,,,,,,,,,,,
1393,0,,,,,,,,,,,,,,,,,,,,,,,,,,,,,,,,,,,,,,,,,,
1403,,,,,0.0029,,,,,,,,,,,,,,,,,,,,,,,,,,,,,,,,,,,,,,
1406,,,,0.0021,,,,,,,,,,,,,,,,,,,,,,,,,,,,,,,,,,,,,,,
1409,,,,,,,,,,,,,,,,,,,,,,,,,,,,,,,0.0248,,,,,,,,,,,,
1419,,,,,,,,0.0049,,,,,,,,,,,,,,,,,,,,,,,,,,,,,,,,,,,
1434,,,,,,,,,,,,,,,0.0098,,,,,,,,,,,,,,,,,,,,,,,,,,,,
1443,,,,,,,,,,,,,,,,,,0.0118,,,,,,,,,,,,,,,,,,,,,,,,,
1447,,,,,,,,,,,,0.0076,,,,,,,,,,,,,,,,,,,,,,,,,,,,,,,
1452,,0.0007,,,,,,,,,,,,,,,,,,,,,,,,,,,,,,,,,,,,,,,,,
1458,0,,,,,,,,,,,,,,,,,,,,,,,,,,,,,,,,,,,,,,,,,,
1465,,,0.0014,,,,,,,,,,,,,,,,,,,,,,,,,,,,,,,,,,,,,,,,
1470,,,,,,,,,,,,,,,,,,,,,,,0.015,,,,,,,,,,,,,,,,,,,,
1481,,,,,,,,,,,,,0.0081,,,,,,,,,,,,,,,,,,,,,,,,,,,,,,
1490,,,,,,,,,,0.006,,,,,,,,,,,,,,,,,,,,,,,,,,,,,,,,,
1505,,,,,,,,,0.0053,,,,,,,,,,,,,,,,,,,,,,,,,,,,,,,,,,
1511,,,,,,,,,,,,,,,0.0093,,,,,,,,,,,,,,,,,,,,,,,,,,,,
1534,,,,,,,,,,,,,,,,,,,,,,0.0137,,,,,,,,,,,,,,,,,,,,,
1537,,,,,0.0026,,,,,,,,,,,,,,,,,,,,,,,,,,,,,,,,,,,,,,
1541,,,,,,,,,0.0052,,,,,,,,,,,,,,,,,,,,,,,,,,,,,,,,,,
1552,,0.0006,,,,,,,,,,,,,,,,,,,,,,,,,,,,,,,,,,,,,,,,,
1578,,,,,,,,,,,,,0.0076,,,,,,,,,,,,,,,,,,,,,,,,,,,,,,
1590,,,,,,,,,,,,,,,,,,0.0107,,,,,,,,,,,,,,,,,,,,,,,,,
1597,,,,,,,,,,,,,,0.0081,,,,,,,,,,,,,,,,,,,,,,,,,,,,,
1606,,,,,,,,,,,,,,,,,,0.0106,,,,,,,,,,,,,,,,,,,,,,,,,
1611,,,,,,,,,,0.0056,,,,,,,,,,,,,,,,,,,,,,,,,,,,,,,,,
1612,,,,,,,0.0037,,,,,,,,,,,,,,,,,,,,,,,,,,,,,,,,,,,,
1620,,,,,,,,,,,0.0062,,,,,,,,,,,,,,,,,,,,,,,,,,,,,,,,
1621,,,,0.0019,,,,,,,,,,,,,,,,,,,,,,,,,,,,,,,,,,,,,,,
1624,,0.0006,,,,,,,,,,,,,,,,,,,,,,,,,,,,,,,,,,,,,,,,,
1629,,,,0.0018,,,,,,,,,,,,,,,,,,,,,,,,,,,,,,,,,,,,,,,
1635,,,0.0012,,,,,,,,,,,,,,,,,,,,,,,,,,,,,,,,,,,,,,,,
1647,,,,0.0018,,,,,,,,,,,,,,,,,,,,,,,,,,,,,,,,,,,,,,,
1655,,,,,,,,,,,,,,,,,,,,,,,,,,,,,,,,,,,,,,,0.0332,,,,
1669,,,,,,,,,,0.0054,,,,,,,,,,,,,,,,,,,,,,,,,,,,,,,,,
1674,,,,0.0018,,,,,,,,,,,,,,,,,,,,,,,,,,,,,,,,,,,,,,,
1678,,,,,,0.003,,,,,,,,,,,,,,,,,,,,,,,,,,,,,,,,,,,,,
1679,0,,,,,,,,,,,,,,,,,,,,,,,,,,,,,,,,,,,,,,,,,,
1691,,,,,,,,,0.0047,,,,,,,,,,,,,,,,,,,,,,,,,,,,,,,,,,
1696,,,,,,,,,,,,,,,0.0083,,,,,,,,,,,,,,,,,,,,,,,,,,,,
1705,,,,,,,,,,,,,,,,,0.0094,,,,,,,,,,,,,,,,,,,,,,,,,,
1706,,0.0006,,,,,,,,,,,,,,,,,,,,,,,,,,,,,,,,,,,,,,,,,
1709,,,,0.0018,,,,,,,,,,,,,,,,,,,,,,,,,,,,,,,,,,,,,,,
1725,,,,,0.0023,,,,,,,,,,,,,,,,,,,,,,,,,,,,,,,,,,,,,,
1735,,,,,,,,,,,,,,,,,,,,,,,,0.0133,,,,,,,,,,,,,,,,,,,
1739,,,,,,,0.0035,,,,,,,,,,,,,,,,,,,,,,,,,,,,,,,,,,,,
1759,,,,,,,,,,,,,,,,,,,,,,0.0119,,,,,,,,,,,,,,,,,,,,,
1786,,,,,,,0.0034,,,,,,,,,,,,,,,,,,,,,,,,,,,,,,,,,,,,
1787,,,,,,,,,,,,,,,,,,,,0.0106,,,,,,,,,,,,,,,,,,,,,,,
1790,,,,,,0.0028,,,,,,,,,,,,,,,,,,,,,,,,,,,,,,,,,,,,,
1791,,,,,,,,,,,,,,,,,,,,0.0106,,,,,,,,,,,,,,,,,,,,,,,
1792,,,,,,,,,,,,0.0061,,,,,,,0.01,,,,,,,,,,,,,,,,,,,,,,,,
1813,,,0.0011,,,,,,,,,,,,,,,,,,,,,,,,,,,,,,,,,,,,,,,,
1820,0,,,,,,,,,,,,,,,,,,,,,,,,,,,,,,,,,,,,,,,,,,
1828,,,,,,,,,,,,,,,,,,,,,0.0109,,,,,,,,,,,,,,,,,,,,,,
1829,,,,,,,,,,,,,,,,,,,,,,,0.012,,,,,,,,,,,,,,,,,,,,
1861,0,,,,,,,,,,,,,,,,,,,,,,,,,,,,,,,,,,,,,,,,,,
1875,,0.0005,,,,,,,,,,,,,,,,,,,,,,,,,,,,,,,,,,,,,,,,,
1877,,,,,0.0021,,,,,,,,,,,,,,,,,,,,,0.0133,,,,,,,,,,,,,,,,,
1881,,,,,,,,,0.0043,,,,,,,,,,,,,,,,,,,,,,,,,,,,,,,,,,
1883,,0.0005,,,,,,,,,,,,,,,,,,,,,,,,,,,,,,,,,,,,,,,,,
1888,,0.0005,,,,,,,,,,,,,,,,,,,,,,,,,,,,,,,,,,,,,,,,,
1895,,,0.0011,,,,,,,,,,,,,,,,,,,,,,,,,,,,,,,,,,,,,,,,
1921,,,,,,,,,,,0.0052,,,,,,,,,,,,,,,,,,,,,,,,,,,,,,,,
1947,,,,,,0.0026,,,,,,,,,,,,,,,,,,,,,,,,,,,,,,,,,,,,,
1959,0,,,,,,,,,,,,,,,,,,,,,,,,,,,,,,,,,,,,,,,,,,
1983,,,,,,,,0.0035,,,,,,,,,,,,,,,,,,,,,,,,,,,,,,,,,,,
2000,0,,,,,,,,,,,,,,,,,,,,,,,,,,,,,,,,,,,,,,,,,,
2006,,,,,,,,,,0.0045,,,,,,,,,,,,,,,,,,,,,,,,,,,,,,,,,
2059,,,,,,,,,,,,,,,,,0.0078,,,,,,,,,,,,,,,,,,,,,,,,,,
2061,,,,,,,,,,,,,,,,,,,,,0.0097,,,,,,,,,,,,,,,,,,,,,,
2072,,,,0.0014,,,,,,,,,,,,,,,,,,,,,,,,,,,,,,,,,,,,,,,
2196,,,,,,,,,,,,,,,,,,,,,,,,,,,,,,,,0.0164,,,,,,,,,,,
2220,,,,0.0014,,,,,,,,,,,,,,,,,,,,,,,,,,,,,,,,,,,,,,,
2235,,,,,,,,,,,,,,,,,,,,,,,,,,,,,,,,,0.0166,,,,,,,,,,
2243,,,,,,,,,,,,,,,,0.0067,,,,,,,,,,,,,,,,,,,,,,,,,,,
2263,,,,,,,,,,,,,,,,,,,0.008,,,,,,,,,,,,,,,,,,,,,,,,
2277,,,,,,,0.0026,,,,,,,,,,,,,,,,,,,,,,,,,,,,,,,,,,,,
2314,,,,,,,,,,,,,,,,,,,,,,0.0091,,,,,,,,,,,,,,,,,,,,,
2316,,,,,0.0017,,,,,,,,,,,,,,,,,,,,,,,,,,,,,,,,,,,,,,
2376,,,,,,,,,,,,0.0046,,,,,,,,,,,,,,,,,,,,,,,,,,,,,,,
2379,,,,,0.0017,,,,,,,,,,,,,,,,,,,,,,,,,,,,,,,,,,,,,,
2385,,,,,,,,,,0.0038,,,,,,,,,,,,,,,,,,,,,,,,,,,,,,,,,
2393,,,,,,,,,,,,,,,,,,,,,,,,,,,,,,,,,,,,,0.0184,,,,,,
2434,,,,,,,,,,,,,,,,,,,,,,,,,0.0099,,,,,,,,,,,,,,,,,,
2436,,,,,,,,,,,,,,,,,,,,,,,,0.0094,,,,,,,,,,,,,,,,,,,
2439,,,,,,,,,,0.0037,,,,,,,,,,,,,,,,,,,,,,,,,,,,,,,,,
2447,,,,,0.0016,,,,,,,,,,,,,,,,,,,,,,,,,,,,,,,,,,,,,,
2489,,,,,,,,,,,,,,,,,,,0.0072,,,,,,,,,,,,,,,,,,,,,,,,
2494,,,,,,,,,,,,,,,,,,,,,,,,,,0.01,,,,,,,,,,,,,,,,,
2501,,,,,,,,,,,,,,,,,,,,0.0076,,,,,,,,,,,,,,,,,,,,,,,
2536,,0.0004,,,,,,,,,,,,,,,,,,,,,,,,,,,,,,,,,,,,,,,,,
2548,,,0.0008,,,,,,,,,,,,,,,,,,,,,,,,,,,,,,,,,,,,,,,,
2575,,,,,,,0.0023,,,,,,,,,,,,,,,,,,,,,,,,,,,,,,,,,,,,
2654,,,,0.0011,,,,,,,,,,,,,,,,,,,,,,,,,,,,,,,,,,,,,,,
2721,,,,,,,,0.0026,,,,,,,,,,,,,,,,,,,,,,,,,,,,,,,,,,,
2737,,,,,,,,,0.0029,,,,,,,,,,,,,,,,,,,,,,,,,,,,,,,,,,
2801,,,,,,,,,,,,,,,,,,,0.0064,,,,,,,,,,,,,,,,,,,,,,,,
2809,,,0.0007,,,,,,,,,,,,,,,,,,,,,,,,,,,,,,,,,,,,,,,,
2838,,,,,,,,,,,,,,,,,,,,,,,,,,,,,,,,,,,,,,0.0183,,,,,
2847,,0.0004,,,,,,,,,,,,,,,,,,,,,,,,,,,,,,,,,,,,,,,,,
2882,,,,,,,,,,,,,,,,0.0052,,,,,,,,,,,,,,,,,,,,,,,,,,,
2945,,,,,,,,,,,,,,,,,,,0.0061,,,,,,,,,,,,,,,,,,,,,,,,
2973,,,,,,,,,0.0027,,,,,,,,,,,,,,,,,,,,,,,,,,,0.0145,,,,,,,
3015,,,,,,,,,0.0027,,,,,,,,,,,,,,,,,,,,,,,,,,,,,,,,,,
3164,,,,,,,,,,,,,,,0.0044,,,,,,,,,,,,,,,,,,,,,,,,,,,,
3281,,,,,,,,,0.0024,,,,,,,,,,,,,,,,,,,,,,,,,,,,,,,,,,
3402,,,,,,,,,,,,,,,,,,,,,,,,,,,,,,,,,,,0.0121,,,,,,,,
3631,,,,,,,,,,,,,,,,,,,,,,,,,,,,,,0.0088,,,,,,,,,,,,,
3638,,,,,,,,,,,0.0027,,,,,,,,,,,,,,,,,,,,,,,,,,,,,,,,
3654,,,,,,,,,0.0022,,,,,,,,,,,,,,,,,,,,,,,,,,,,,,,,,,
3692,,,,0.0008,,,,,,,,,,,,,,,,,,,,,,,,,,,,,,,,,,,,,,,
3703,,,,,,,,,,,,,,0.0035,,,,,,,,,,,,,,,,,,,,,,,,,,,,,
3740,,,,,0.0011,,,,,,,,,,,,,,,,,,,,,,,,,,,,,,,,,,,,,,
3870,,,,,,,,,,,,,,,,,,,,,,,,,,,,,,,,,,0.0101,,,,,,,,,
3976,,,,,,,,,,,,,,,,,,0.0043,,,,,,,,,,,,,,,,,,,,,,,,,
4042,,,,,,,,,,,,,,,,,,0.0042,,,,,,,,,,,,,,,,,,,,,,,,,
4070,,,,,,,,0.0017,,,,,,,,,,,,,,,,,,,,,,,,,,,,,,,,,,,
4690,,,,,,,,,,,,,,,,,0.0034,,,,,,,,,,,,,,,,,,,,,,,,,,
4883,,,,,0.0008,,,,,,,,,,,,,,,,,,,,,,,,,,,,,,,,,,,,,,
5318,,,,,,,,,,,,,,,,,,,,,,,,,,,,,,,,,,,,,,,,,,0.0199,
5397,,,,,,,,,,0.0017,,,,,,,,,,,,,,,,,,,,,,,,,,,,,,,,,
5461,,,,,,,,,,,,,,,,,,,,,,,,,,,,,0.0057,,,,,,,,,,,,,,
5583,,,,,,,,,0.0014,,,,,,,,,,,,,,,,,,,,,,,,,,,,,,,,,,
5754,,,,,,,,,,,0.0017,,,,,,,,,,,,,,,,,,,,,,,,,,,,,,,,
6070,,,,,,,,,,,,,,,,,,,,,,,,,0.004,,,,,,,,,,,,,,,,,,
6145,,,,,,,,,,,,,,,,,,,,,,,,,,,,,,,,,,,,,,,,,0.0146,,
7637,,,,,,,,,,,,,,,,,,,,,,,,,,,,,,,,,,,,,,,,,,,0.0186
